region,category,parameter,mode,powertrain,year,unit,value
Australia,Historical,EV stock share,Cars,EV,2011,percent,0.0004600000102072954
Australia,Historical,EV stock share,Cars,EV,2012,percent,0.00279999990016222
Australia,Historical,EV stock share,Cars,EV,2013,percent,0.005400000140070915
Australia,Historical,EV stock share,Cars,EV,2014,percent,0.017000000923871994
Australia,Historical,EV stock share,Cars,EV,2015,percent,0.03200000151991844
Australia,Historical,EV stock share,Cars,EV,2016,percent,0.0430000014603138
Australia,Historical,EV stock share,Cars,EV,2017,percent,0.061000000685453415
Australia,Historical,EV stock share,Cars,EV,2018,percent,0.08900000154972076
Australia,Historical,EV stock share,Cars,EV,2019,percent,0.1599999964237213
Australia,Historical,EV stock share,Cars,EV,2020,percent,0.2199999988079071
Australia,Historical,EV stock share,Cars,EV,2021,percent,0.38999998569488525
Australia,Historical,EV stock share,Cars,EV,2022,percent,0.5899999737739563
Austria,Historical,EV stock share,Cars,EV,2010,percent,0.007899999618530273
Austria,Historical,EV stock share,Cars,EV,2011,percent,0.02199999988079071
Austria,Historical,EV stock share,Cars,EV,2012,percent,0.032999999821186066
Austria,Historical,EV stock share,Cars,EV,2013,percent,0.05299999937415123
Austria,Historical,EV stock share,Cars,EV,2014,percent,0.08900000154972076
Austria,Historical,EV stock share,Cars,EV,2015,percent,0.14000000059604645
Austria,Historical,EV stock share,Cars,EV,2016,percent,0.23999999463558197
Austria,Historical,EV stock share,Cars,EV,2017,percent,0.3799999952316284
Austria,Historical,EV stock share,Cars,EV,2018,percent,0.5299999713897705
Austria,Historical,EV stock share,Cars,EV,2019,percent,0.75
Austria,Historical,EV stock share,Cars,EV,2020,percent,1.2000000476837158
Austria,Historical,EV stock share,Cars,EV,2021,percent,2.0999999046325684
Austria,Historical,EV stock share,Cars,EV,2022,percent,3
Belgium,Historical,EV stock share,Cars,EV,2010,percent,0.0013000000035390258
Belgium,Historical,EV stock share,Cars,EV,2011,percent,0.006399999838322401
Belgium,Historical,EV stock share,Cars,EV,2012,percent,0.02199999988079071
Belgium,Historical,EV stock share,Cars,EV,2013,percent,0.032999999821186066
Belgium,Historical,EV stock share,Cars,EV,2014,percent,0.06700000166893005
Belgium,Historical,EV stock share,Cars,EV,2015,percent,0.12999999523162842
Belgium,Historical,EV stock share,Cars,EV,2016,percent,0.28999999165534973
Belgium,Historical,EV stock share,Cars,EV,2017,percent,0.5299999713897705
Belgium,Historical,EV stock share,Cars,EV,2018,percent,0.75
Belgium,Historical,EV stock share,Cars,EV,2019,percent,1
Belgium,Historical,EV stock share,Cars,EV,2020,percent,1.7999999523162842
Belgium,Historical,EV stock share,Cars,EV,2021,percent,3
Belgium,Historical,EV stock share,Cars,EV,2022,percent,4.5
Brazil,Historical,EV stock share,Cars,EV,2014,percent,0.00018000000272877514
Brazil,Historical,EV stock share,Cars,EV,2015,percent,0.0004199999966658652
Brazil,Historical,EV stock share,Cars,EV,2016,percent,0.000910000002477318
Brazil,Historical,EV stock share,Cars,EV,2017,percent,0.0019000000320374966
Brazil,Historical,EV stock share,Cars,EV,2018,percent,0.00279999990016222
Brazil,Historical,EV stock share,Cars,EV,2019,percent,0.007799999788403511
Brazil,Historical,EV stock share,Cars,EV,2020,percent,0.014000000432133675
Brazil,Historical,EV stock share,Cars,EV,2021,percent,0.050999999046325684
Brazil,Historical,EV stock share,Cars,EV,2022,percent,0.09799999743700027
Canada,Historical,EV stock share,Cars,EV,2011,percent,0.00279999990016222
Canada,Historical,EV stock share,Cars,EV,2012,percent,0.012000000104308128
Canada,Historical,EV stock share,Cars,EV,2013,percent,0.027000000700354576
Canada,Historical,EV stock share,Cars,EV,2014,percent,0.052000001072883606
Canada,Historical,EV stock share,Cars,EV,2015,percent,0.08500000089406967
Canada,Historical,EV stock share,Cars,EV,2016,percent,0.14000000059604645
Canada,Historical,EV stock share,Cars,EV,2017,percent,0.20999999344348907
Canada,Historical,EV stock share,Cars,EV,2018,percent,0.3799999952316284
Canada,Historical,EV stock share,Cars,EV,2019,percent,0.5899999737739563
Canada,Historical,EV stock share,Cars,EV,2020,percent,0.7300000190734863
Canada,Historical,EV stock share,Cars,EV,2021,percent,1.2000000476837158
Canada,Historical,EV stock share,Cars,EV,2022,percent,1.600000023841858
Chile,Historical,EV stock share,Cars,EV,2011,percent,0.0002699999895412475
Chile,Historical,EV stock share,Cars,EV,2012,percent,0.00046999999904073775
Chile,Historical,EV stock share,Cars,EV,2013,percent,0.0006399999838322401
Chile,Historical,EV stock share,Cars,EV,2014,percent,0.0012000000569969416
Chile,Historical,EV stock share,Cars,EV,2015,percent,0.0024999999441206455
Chile,Historical,EV stock share,Cars,EV,2016,percent,0.0035000001080334187
Chile,Historical,EV stock share,Cars,EV,2017,percent,0.007899999618530273
Chile,Historical,EV stock share,Cars,EV,2018,percent,0.013000000268220901
Chile,Historical,EV stock share,Cars,EV,2019,percent,0.019999999552965164
Chile,Historical,EV stock share,Cars,EV,2020,percent,0.026000000536441803
Chile,Historical,EV stock share,Cars,EV,2021,percent,0.041999999433755875
Chile,Historical,EV stock share,Cars,EV,2022,percent,0.0820000022649765
China,Historical,EV stock share,Cars,EV,2010,percent,0.003000000026077032
China,Historical,EV stock share,Cars,EV,2011,percent,0.008999999612569809
China,Historical,EV stock share,Cars,EV,2012,percent,0.01899999938905239
China,Historical,EV stock share,Cars,EV,2013,percent,0.029999999329447746
China,Historical,EV stock share,Cars,EV,2014,percent,0.0689999982714653
China,Historical,EV stock share,Cars,EV,2015,percent,0.20000000298023224
China,Historical,EV stock share,Cars,EV,2016,percent,0.3799999952316284
China,Historical,EV stock share,Cars,EV,2017,percent,0.6399999856948853
China,Historical,EV stock share,Cars,EV,2018,percent,1.100000023841858
China,Historical,EV stock share,Cars,EV,2019,percent,1.5
China,Historical,EV stock share,Cars,EV,2020,percent,1.7999999523162842
China,Historical,EV stock share,Cars,EV,2021,percent,2.9000000953674316
China,Historical,EV stock share,Cars,EV,2022,percent,4.900000095367432
Denmark,Historical,EV stock share,Cars,EV,2010,percent,0.003700000001117587
Denmark,Historical,EV stock share,Cars,EV,2011,percent,0.023000000044703484
Denmark,Historical,EV stock share,Cars,EV,2012,percent,0.0560000017285347
Denmark,Historical,EV stock share,Cars,EV,2013,percent,0.06800000369548798
Denmark,Historical,EV stock share,Cars,EV,2014,percent,0.12999999523162842
Denmark,Historical,EV stock share,Cars,EV,2015,percent,0.3499999940395355
Denmark,Historical,EV stock share,Cars,EV,2016,percent,0.4000000059604645
Denmark,Historical,EV stock share,Cars,EV,2017,percent,0.41999998688697815
Denmark,Historical,EV stock share,Cars,EV,2018,percent,0.5899999737739563
Denmark,Historical,EV stock share,Cars,EV,2019,percent,0.9599999785423279
Denmark,Historical,EV stock share,Cars,EV,2020,percent,2.299999952316284
Denmark,Historical,EV stock share,Cars,EV,2021,percent,5.199999809265137
Denmark,Historical,EV stock share,Cars,EV,2022,percent,7.800000190734863
EU27,Historical,EV stock share,Cars,EV,2010,percent,0.00139999995008111
EU27,Historical,EV stock share,Cars,EV,2011,percent,0.004999999888241291
EU27,Historical,EV stock share,Cars,EV,2012,percent,0.014000000432133675
EU27,Historical,EV stock share,Cars,EV,2013,percent,0.03500000014901161
EU27,Historical,EV stock share,Cars,EV,2014,percent,0.05999999865889549
EU27,Historical,EV stock share,Cars,EV,2015,percent,0.10999999940395355
EU27,Historical,EV stock share,Cars,EV,2016,percent,0.17000000178813934
EU27,Historical,EV stock share,Cars,EV,2017,percent,0.23000000417232513
EU27,Historical,EV stock share,Cars,EV,2018,percent,0.33000001311302185
EU27,Historical,EV stock share,Cars,EV,2019,percent,0.44999998807907104
EU27,Historical,EV stock share,Cars,EV,2020,percent,0.8600000143051147
EU27,Historical,EV stock share,Cars,EV,2021,percent,1.600000023841858
EU27,Historical,EV stock share,Cars,EV,2022,percent,2.299999952316284
Europe,Historical,EV stock share,Cars,EV,2010,percent,0.0027000000700354576
Europe,Historical,EV stock share,Cars,EV,2011,percent,0.006500000134110451
Europe,Historical,EV stock share,Cars,EV,2012,percent,0.017000000923871994
Europe,Historical,EV stock share,Cars,EV,2013,percent,0.03700000047683716
Europe,Historical,EV stock share,Cars,EV,2014,percent,0.07000000029802322
Europe,Historical,EV stock share,Cars,EV,2015,percent,0.12999999523162842
Europe,Historical,EV stock share,Cars,EV,2016,percent,0.20999999344348907
Europe,Historical,EV stock share,Cars,EV,2017,percent,0.28999999165534973
Europe,Historical,EV stock share,Cars,EV,2018,percent,0.4099999964237213
Europe,Historical,EV stock share,Cars,EV,2019,percent,0.5600000023841858
Europe,Historical,EV stock share,Cars,EV,2020,percent,0.9800000190734863
Europe,Historical,EV stock share,Cars,EV,2021,percent,1.7000000476837158
Europe,Historical,EV stock share,Cars,EV,2022,percent,2.4000000953674316
Finland,Historical,EV stock share,Cars,EV,2011,percent,0.0020000000949949026
Finland,Historical,EV stock share,Cars,EV,2012,percent,0.008899999782443047
Finland,Historical,EV stock share,Cars,EV,2013,percent,0.017999999225139618
Finland,Historical,EV stock share,Cars,EV,2014,percent,0.035999998450279236
Finland,Historical,EV stock share,Cars,EV,2015,percent,0.061000000685453415
Finland,Historical,EV stock share,Cars,EV,2016,percent,0.11999999731779099
Finland,Historical,EV stock share,Cars,EV,2017,percent,0.27000001072883606
Finland,Historical,EV stock share,Cars,EV,2018,percent,0.5699999928474426
Finland,Historical,EV stock share,Cars,EV,2019,percent,1.100000023841858
Finland,Historical,EV stock share,Cars,EV,2020,percent,2.299999952316284
Finland,Historical,EV stock share,Cars,EV,2021,percent,3.5999999046325684
Finland,Historical,EV stock share,Cars,EV,2022,percent,5.400000095367432
France,Historical,EV stock share,Cars,EV,2010,percent,0.0009399999980814755
France,Historical,EV stock share,Cars,EV,2011,percent,0.00930000003427267
France,Historical,EV stock share,Cars,EV,2012,percent,0.028999999165534973
France,Historical,EV stock share,Cars,EV,2013,percent,0.05900000035762787
France,Historical,EV stock share,Cars,EV,2014,percent,0.09799999743700027
France,Historical,EV stock share,Cars,EV,2015,percent,0.17000000178813934
France,Historical,EV stock share,Cars,EV,2016,percent,0.25999999046325684
France,Historical,EV stock share,Cars,EV,2017,percent,0.3700000047683716
France,Historical,EV stock share,Cars,EV,2018,percent,0.5099999904632568
France,Historical,EV stock share,Cars,EV,2019,percent,0.5899999737739563
France,Historical,EV stock share,Cars,EV,2020,percent,1.100000023841858
France,Historical,EV stock share,Cars,EV,2021,percent,1.899999976158142
France,Historical,EV stock share,Cars,EV,2022,percent,2.700000047683716
Germany,Historical,EV stock share,Cars,EV,2010,percent,0.0005799999926239252
Germany,Historical,EV stock share,Cars,EV,2011,percent,0.004399999976158142
Germany,Historical,EV stock share,Cars,EV,2012,percent,0.012000000104308128
Germany,Historical,EV stock share,Cars,EV,2013,percent,0.02800000086426735
Germany,Historical,EV stock share,Cars,EV,2014,percent,0.0560000017285347
Germany,Historical,EV stock share,Cars,EV,2015,percent,0.10999999940395355
Germany,Historical,EV stock share,Cars,EV,2016,percent,0.1599999964237213
Germany,Historical,EV stock share,Cars,EV,2017,percent,0.23999999463558197
Germany,Historical,EV stock share,Cars,EV,2018,percent,0.3799999952316284
Germany,Historical,EV stock share,Cars,EV,2019,percent,0.5
Germany,Historical,EV stock share,Cars,EV,2020,percent,1.2999999523162842
Germany,Historical,EV stock share,Cars,EV,2021,percent,2.700000047683716
Germany,Historical,EV stock share,Cars,EV,2022,percent,4
Greece,Historical,EV stock share,Cars,EV,2013,percent,0.00005900000178371556
Greece,Historical,EV stock share,Cars,EV,2014,percent,0.0008200000156648457
Greece,Historical,EV stock share,Cars,EV,2015,percent,0.002300000051036477
Greece,Historical,EV stock share,Cars,EV,2016,percent,0.00419999985024333
Greece,Historical,EV stock share,Cars,EV,2017,percent,0.007799999788403511
Greece,Historical,EV stock share,Cars,EV,2018,percent,0.014000000432133675
Greece,Historical,EV stock share,Cars,EV,2019,percent,0.02199999988079071
Greece,Historical,EV stock share,Cars,EV,2020,percent,0.061000000685453415
Greece,Historical,EV stock share,Cars,EV,2021,percent,0.18000000715255737
Greece,Historical,EV stock share,Cars,EV,2022,percent,0.36000001430511475
Iceland,Historical,EV stock share,Cars,EV,2010,percent,0.006800000090152025
Iceland,Historical,EV stock share,Cars,EV,2011,percent,0.006800000090152025
Iceland,Historical,EV stock share,Cars,EV,2012,percent,0.01899999938905239
Iceland,Historical,EV stock share,Cars,EV,2013,percent,0.06700000166893005
Iceland,Historical,EV stock share,Cars,EV,2014,percent,0.17000000178813934
Iceland,Historical,EV stock share,Cars,EV,2015,percent,0.4000000059604645
Iceland,Historical,EV stock share,Cars,EV,2016,percent,0.8700000047683716
Iceland,Historical,EV stock share,Cars,EV,2017,percent,2
Iceland,Historical,EV stock share,Cars,EV,2018,percent,3.299999952316284
Iceland,Historical,EV stock share,Cars,EV,2019,percent,4.400000095367432
Iceland,Historical,EV stock share,Cars,EV,2020,percent,6.300000190734863
Iceland,Historical,EV stock share,Cars,EV,2021,percent,11
Iceland,Historical,EV stock share,Cars,EV,2022,percent,16
India,Historical,EV stock share,Cars,EV,2010,percent,0.005200000014156103
India,Historical,EV stock share,Cars,EV,2011,percent,0.007000000216066837
India,Historical,EV stock share,Cars,EV,2012,percent,0.013000000268220901
India,Historical,EV stock share,Cars,EV,2013,percent,0.012000000104308128
India,Historical,EV stock share,Cars,EV,2014,percent,0.013000000268220901
India,Historical,EV stock share,Cars,EV,2015,percent,0.014999999664723873
India,Historical,EV stock share,Cars,EV,2016,percent,0.01600000075995922
India,Historical,EV stock share,Cars,EV,2017,percent,0.020999999716877937
India,Historical,EV stock share,Cars,EV,2018,percent,0.02199999988079071
India,Historical,EV stock share,Cars,EV,2019,percent,0.023000000044703484
India,Historical,EV stock share,Cars,EV,2020,percent,0.029999999329447746
India,Historical,EV stock share,Cars,EV,2021,percent,0.05900000035762787
India,Historical,EV stock share,Cars,EV,2022,percent,0.1599999964237213
Israel,Historical,EV stock share,Cars,EV,2010,percent,0.00026000000070780516
Israel,Historical,EV stock share,Cars,EV,2011,percent,0.0035000001080334187
Israel,Historical,EV stock share,Cars,EV,2012,percent,0.024000000208616257
Israel,Historical,EV stock share,Cars,EV,2013,percent,0.039000000804662704
Israel,Historical,EV stock share,Cars,EV,2014,percent,0.04600000008940697
Israel,Historical,EV stock share,Cars,EV,2015,percent,0.04600000008940697
Israel,Historical,EV stock share,Cars,EV,2016,percent,0.04600000008940697
Israel,Historical,EV stock share,Cars,EV,2017,percent,0.0949999988079071
Israel,Historical,EV stock share,Cars,EV,2018,percent,0.20000000298023224
Israel,Historical,EV stock share,Cars,EV,2019,percent,0.33000001311302185
Israel,Historical,EV stock share,Cars,EV,2020,percent,0.5099999904632568
Israel,Historical,EV stock share,Cars,EV,2021,percent,1.100000023841858
Israel,Historical,EV stock share,Cars,EV,2022,percent,2.200000047683716
Italy,Historical,EV stock share,Cars,EV,2010,percent,0.0017999999690800905
Italy,Historical,EV stock share,Cars,EV,2011,percent,0.0020000000949949026
Italy,Historical,EV stock share,Cars,EV,2012,percent,0.0032999999821186066
Italy,Historical,EV stock share,Cars,EV,2013,percent,0.005900000222027302
Italy,Historical,EV stock share,Cars,EV,2014,percent,0.009600000455975533
Italy,Historical,EV stock share,Cars,EV,2015,percent,0.014999999664723873
Italy,Historical,EV stock share,Cars,EV,2016,percent,0.023000000044703484
Italy,Historical,EV stock share,Cars,EV,2017,percent,0.03500000014901161
Italy,Historical,EV stock share,Cars,EV,2018,percent,0.05900000035762787
Italy,Historical,EV stock share,Cars,EV,2019,percent,0.10000000149011612
Italy,Historical,EV stock share,Cars,EV,2020,percent,0.25
Italy,Historical,EV stock share,Cars,EV,2021,percent,0.6000000238418579
Italy,Historical,EV stock share,Cars,EV,2022,percent,0.9200000166893005
Japan,Historical,EV stock share,Cars,EV,2010,percent,0.006099999882280827
Japan,Historical,EV stock share,Cars,EV,2011,percent,0.02800000086426735
Japan,Historical,EV stock share,Cars,EV,2012,percent,0.0689999982714653
Japan,Historical,EV stock share,Cars,EV,2013,percent,0.11999999731779099
Japan,Historical,EV stock share,Cars,EV,2014,percent,0.18000000715255737
Japan,Historical,EV stock share,Cars,EV,2015,percent,0.2199999988079071
Japan,Historical,EV stock share,Cars,EV,2016,percent,0.25
Japan,Historical,EV stock share,Cars,EV,2017,percent,0.3100000023841858
Japan,Historical,EV stock share,Cars,EV,2018,percent,0.36000001430511475
Japan,Historical,EV stock share,Cars,EV,2019,percent,0.4099999964237213
Japan,Historical,EV stock share,Cars,EV,2020,percent,0.44999998807907104
Japan,Historical,EV stock share,Cars,EV,2021,percent,0.5099999904632568
Japan,Historical,EV stock share,Cars,EV,2022,percent,0.6399999856948853
Korea,Historical,EV stock share,Cars,EV,2010,percent,0.00039999998989515007
Korea,Historical,EV stock share,Cars,EV,2011,percent,0.002199999988079071
Korea,Historical,EV stock share,Cars,EV,2012,percent,0.005499999970197678
Korea,Historical,EV stock share,Cars,EV,2013,percent,0.009200000204145908
Korea,Historical,EV stock share,Cars,EV,2014,percent,0.017000000923871994
Korea,Historical,EV stock share,Cars,EV,2015,percent,0.035999998450279236
Korea,Historical,EV stock share,Cars,EV,2016,percent,0.06400000303983688
Korea,Historical,EV stock share,Cars,EV,2017,percent,0.15000000596046448
Korea,Historical,EV stock share,Cars,EV,2018,percent,0.3400000035762787
Korea,Historical,EV stock share,Cars,EV,2019,percent,0.5199999809265137
Korea,Historical,EV stock share,Cars,EV,2020,percent,0.7200000286102295
Korea,Historical,EV stock share,Cars,EV,2021,percent,1.2000000476837158
Korea,Historical,EV stock share,Cars,EV,2022,percent,1.7000000476837158
Mexico,Historical,EV stock share,Cars,EV,2011,percent,0.00001700000029813964
Mexico,Historical,EV stock share,Cars,EV,2012,percent,0.0004900000058114529
Mexico,Historical,EV stock share,Cars,EV,2013,percent,0.000539999979082495
Mexico,Historical,EV stock share,Cars,EV,2014,percent,0.0007600000244565308
Mexico,Historical,EV stock share,Cars,EV,2015,percent,0.0012000000569969416
Mexico,Historical,EV stock share,Cars,EV,2016,percent,0.004800000227987766
Mexico,Historical,EV stock share,Cars,EV,2017,percent,0.009999999776482582
Mexico,Historical,EV stock share,Cars,EV,2018,percent,0.01899999938905239
Mexico,Historical,EV stock share,Cars,EV,2019,percent,0.027000000700354576
Mexico,Historical,EV stock share,Cars,EV,2020,percent,0.04800000041723251
Mexico,Historical,EV stock share,Cars,EV,2021,percent,0.0820000022649765
Mexico,Historical,EV stock share,Cars,EV,2022,percent,0.12999999523162842
Netherlands,Historical,EV stock share,Cars,EV,2010,percent,0.003599999938160181
Netherlands,Historical,EV stock share,Cars,EV,2011,percent,0.014999999664723873
Netherlands,Historical,EV stock share,Cars,EV,2012,percent,0.07900000363588333
Netherlands,Historical,EV stock share,Cars,EV,2013,percent,0.36000001430511475
Netherlands,Historical,EV stock share,Cars,EV,2014,percent,0.550000011920929
Netherlands,Historical,EV stock share,Cars,EV,2015,percent,1.100000023841858
Netherlands,Historical,EV stock share,Cars,EV,2016,percent,1.399999976158142
Netherlands,Historical,EV stock share,Cars,EV,2017,percent,1.399999976158142
Netherlands,Historical,EV stock share,Cars,EV,2018,percent,1.7000000476837158
Netherlands,Historical,EV stock share,Cars,EV,2019,percent,2.299999952316284
Netherlands,Historical,EV stock share,Cars,EV,2020,percent,3.299999952316284
Netherlands,Historical,EV stock share,Cars,EV,2021,percent,4.199999809265137
Netherlands,Historical,EV stock share,Cars,EV,2022,percent,5.599999904632568
New Zealand,Historical,EV stock share,Cars,EV,2010,percent,0.0006099999882280827
New Zealand,Historical,EV stock share,Cars,EV,2011,percent,0.0013000000035390258
New Zealand,Historical,EV stock share,Cars,EV,2012,percent,0.0026000000070780516
New Zealand,Historical,EV stock share,Cars,EV,2013,percent,0.00430000014603138
New Zealand,Historical,EV stock share,Cars,EV,2014,percent,0.01899999938905239
New Zealand,Historical,EV stock share,Cars,EV,2015,percent,0.041999999433755875
New Zealand,Historical,EV stock share,Cars,EV,2016,percent,0.10999999940395355
New Zealand,Historical,EV stock share,Cars,EV,2017,percent,0.25
New Zealand,Historical,EV stock share,Cars,EV,2018,percent,0.46000000834465027
New Zealand,Historical,EV stock share,Cars,EV,2019,percent,0.5099999904632568
New Zealand,Historical,EV stock share,Cars,EV,2020,percent,0.6600000262260437
New Zealand,Historical,EV stock share,Cars,EV,2021,percent,1
New Zealand,Historical,EV stock share,Cars,EV,2022,percent,1.7999999523162842
Norway,Historical,EV stock share,Cars,EV,2010,percent,0.11999999731779099
Norway,Historical,EV stock share,Cars,EV,2011,percent,0.1599999964237213
Norway,Historical,EV stock share,Cars,EV,2012,percent,0.3400000035762787
Norway,Historical,EV stock share,Cars,EV,2013,percent,0.6299999952316284
Norway,Historical,EV stock share,Cars,EV,2014,percent,1.399999976158142
Norway,Historical,EV stock share,Cars,EV,2015,percent,2.5999999046325684
Norway,Historical,EV stock share,Cars,EV,2016,percent,4.300000190734863
Norway,Historical,EV stock share,Cars,EV,2017,percent,6.5
Norway,Historical,EV stock share,Cars,EV,2018,percent,9
Norway,Historical,EV stock share,Cars,EV,2019,percent,12
Norway,Historical,EV stock share,Cars,EV,2020,percent,17
Norway,Historical,EV stock share,Cars,EV,2021,percent,22
Norway,Historical,EV stock share,Cars,EV,2022,percent,27
Other Europe,Historical,EV stock share,Cars,EV,2010,percent,0.0002800000074785203
Other Europe,Historical,EV stock share,Cars,EV,2011,percent,0.0009699999936856329
Other Europe,Historical,EV stock share,Cars,EV,2012,percent,0.0038999998942017555
Other Europe,Historical,EV stock share,Cars,EV,2013,percent,0.0052999998442828655
Other Europe,Historical,EV stock share,Cars,EV,2014,percent,0.010999999940395355
Other Europe,Historical,EV stock share,Cars,EV,2015,percent,0.01600000075995922
Other Europe,Historical,EV stock share,Cars,EV,2016,percent,0.02199999988079071
Other Europe,Historical,EV stock share,Cars,EV,2017,percent,0.03400000184774399
Other Europe,Historical,EV stock share,Cars,EV,2018,percent,0.0560000017285347
Other Europe,Historical,EV stock share,Cars,EV,2019,percent,0.09000000357627869
Other Europe,Historical,EV stock share,Cars,EV,2020,percent,0.15000000596046448
Other Europe,Historical,EV stock share,Cars,EV,2021,percent,0.25999999046325684
Other Europe,Historical,EV stock share,Cars,EV,2022,percent,0.47999998927116394
Poland,Historical,EV stock share,Cars,EV,2015,percent,0.012000000104308128
Poland,Historical,EV stock share,Cars,EV,2016,percent,0.017000000923871994
Poland,Historical,EV stock share,Cars,EV,2017,percent,0.017999999225139618
Poland,Historical,EV stock share,Cars,EV,2018,percent,0.020999999716877937
Poland,Historical,EV stock share,Cars,EV,2019,percent,0.04899999871850014
Poland,Historical,EV stock share,Cars,EV,2020,percent,0.07100000232458115
Poland,Historical,EV stock share,Cars,EV,2021,percent,0.18000000715255737
Poland,Historical,EV stock share,Cars,EV,2022,percent,0.3199999928474426
Portugal,Historical,EV stock share,Cars,EV,2010,percent,0.014999999664723873
Portugal,Historical,EV stock share,Cars,EV,2011,percent,0.01899999938905239
Portugal,Historical,EV stock share,Cars,EV,2012,percent,0.023000000044703484
Portugal,Historical,EV stock share,Cars,EV,2013,percent,0.027000000700354576
Portugal,Historical,EV stock share,Cars,EV,2014,percent,0.028999999165534973
Portugal,Historical,EV stock share,Cars,EV,2015,percent,0.05299999937415123
Portugal,Historical,EV stock share,Cars,EV,2016,percent,0.09000000357627869
Portugal,Historical,EV stock share,Cars,EV,2017,percent,0.17000000178813934
Portugal,Historical,EV stock share,Cars,EV,2018,percent,0.3199999928474426
Portugal,Historical,EV stock share,Cars,EV,2019,percent,0.5400000214576721
Portugal,Historical,EV stock share,Cars,EV,2020,percent,0.8799999952316284
Portugal,Historical,EV stock share,Cars,EV,2021,percent,1.399999976158142
Portugal,Historical,EV stock share,Cars,EV,2022,percent,2
Rest of the world,Historical,EV stock share,Cars,EV,2011,percent,0.000037000001611886546
Rest of the world,Historical,EV stock share,Cars,EV,2012,percent,0.00031999999191612005
Rest of the world,Historical,EV stock share,Cars,EV,2013,percent,0.0004299999854993075
Rest of the world,Historical,EV stock share,Cars,EV,2014,percent,0.0007999999797903001
Rest of the world,Historical,EV stock share,Cars,EV,2015,percent,0.003800000064074993
Rest of the world,Historical,EV stock share,Cars,EV,2016,percent,0.004800000227987766
Rest of the world,Historical,EV stock share,Cars,EV,2017,percent,0.006200000178068876
Rest of the world,Historical,EV stock share,Cars,EV,2018,percent,0.00860000029206276
Rest of the world,Historical,EV stock share,Cars,EV,2019,percent,0.013000000268220901
Rest of the world,Historical,EV stock share,Cars,EV,2020,percent,0.017999999225139618
Rest of the world,Historical,EV stock share,Cars,EV,2021,percent,0.029999999329447746
Rest of the world,Historical,EV stock share,Cars,EV,2022,percent,0.04699999839067459
South Africa,Historical,EV stock share,Cars,EV,2013,percent,0.0005799999926239252
South Africa,Historical,EV stock share,Cars,EV,2014,percent,0.0007999999797903001
South Africa,Historical,EV stock share,Cars,EV,2015,percent,0.004600000102072954
South Africa,Historical,EV stock share,Cars,EV,2016,percent,0.009999999776482582
South Africa,Historical,EV stock share,Cars,EV,2017,percent,0.013000000268220901
South Africa,Historical,EV stock share,Cars,EV,2018,percent,0.014999999664723873
South Africa,Historical,EV stock share,Cars,EV,2019,percent,0.017999999225139618
South Africa,Historical,EV stock share,Cars,EV,2020,percent,0.02199999988079071
South Africa,Historical,EV stock share,Cars,EV,2021,percent,0.026000000536441803
South Africa,Historical,EV stock share,Cars,EV,2022,percent,0.03200000151991844
Spain,Historical,EV stock share,Cars,EV,2010,percent,0.00033999999868683517
Spain,Historical,EV stock share,Cars,EV,2011,percent,0.002099999925121665
Spain,Historical,EV stock share,Cars,EV,2012,percent,0.0044999998062849045
Spain,Historical,EV stock share,Cars,EV,2013,percent,0.00860000029206276
Spain,Historical,EV stock share,Cars,EV,2014,percent,0.01600000075995922
Spain,Historical,EV stock share,Cars,EV,2015,percent,0.026000000536441803
Spain,Historical,EV stock share,Cars,EV,2016,percent,0.03999999910593033
Spain,Historical,EV stock share,Cars,EV,2017,percent,0.07100000232458115
Spain,Historical,EV stock share,Cars,EV,2018,percent,0.11999999731779099
Spain,Historical,EV stock share,Cars,EV,2019,percent,0.1899999976158142
Spain,Historical,EV stock share,Cars,EV,2020,percent,0.36000001430511475
Spain,Historical,EV stock share,Cars,EV,2021,percent,0.6100000143051147
Spain,Historical,EV stock share,Cars,EV,2022,percent,0.9100000262260437
Sweden,Historical,EV stock share,Cars,EV,2010,percent,0.00009200000204145908
Sweden,Historical,EV stock share,Cars,EV,2011,percent,0.004100000020116568
Sweden,Historical,EV stock share,Cars,EV,2012,percent,0.02800000086426735
Sweden,Historical,EV stock share,Cars,EV,2013,percent,0.05900000035762787
Sweden,Historical,EV stock share,Cars,EV,2014,percent,0.15000000596046448
Sweden,Historical,EV stock share,Cars,EV,2015,percent,0.3100000023841858
Sweden,Historical,EV stock share,Cars,EV,2016,percent,0.550000011920929
Sweden,Historical,EV stock share,Cars,EV,2017,percent,0.8899999856948853
Sweden,Historical,EV stock share,Cars,EV,2018,percent,1.399999976158142
Sweden,Historical,EV stock share,Cars,EV,2019,percent,2
Sweden,Historical,EV stock share,Cars,EV,2020,percent,3.5999999046325684
Sweden,Historical,EV stock share,Cars,EV,2021,percent,6
Sweden,Historical,EV stock share,Cars,EV,2022,percent,8.800000190734863
Switzerland,Historical,EV stock share,Cars,EV,2011,percent,0.009999999776482582
Switzerland,Historical,EV stock share,Cars,EV,2012,percent,0.02800000086426735
Switzerland,Historical,EV stock share,Cars,EV,2013,percent,0.057999998331069946
Switzerland,Historical,EV stock share,Cars,EV,2014,percent,0.11999999731779099
Switzerland,Historical,EV stock share,Cars,EV,2015,percent,0.25
Switzerland,Historical,EV stock share,Cars,EV,2016,percent,0.36000001430511475
Switzerland,Historical,EV stock share,Cars,EV,2017,percent,0.5400000214576721
Switzerland,Historical,EV stock share,Cars,EV,2018,percent,0.7599999904632568
Switzerland,Historical,EV stock share,Cars,EV,2019,percent,1.100000023841858
Switzerland,Historical,EV stock share,Cars,EV,2020,percent,1.7999999523162842
Switzerland,Historical,EV stock share,Cars,EV,2021,percent,2.9000000953674316
Switzerland,Historical,EV stock share,Cars,EV,2022,percent,4.199999809265137
Turkiye,Historical,EV stock share,Cars,EV,2013,percent,0.003599999938160181
Turkiye,Historical,EV stock share,Cars,EV,2014,percent,0.003800000064074993
Turkiye,Historical,EV stock share,Cars,EV,2015,percent,0.0052999998442828655
Turkiye,Historical,EV stock share,Cars,EV,2016,percent,0.008299999870359898
Turkiye,Historical,EV stock share,Cars,EV,2017,percent,0.00930000003427267
Turkiye,Historical,EV stock share,Cars,EV,2018,percent,0.012000000104308128
Turkiye,Historical,EV stock share,Cars,EV,2019,percent,0.023000000044703484
Turkiye,Historical,EV stock share,Cars,EV,2020,percent,0.03200000151991844
Turkiye,Historical,EV stock share,Cars,EV,2021,percent,0.0729999989271164
Turkiye,Historical,EV stock share,Cars,EV,2022,percent,0.14000000059604645
United Kingdom,Historical,EV stock share,Cars,EV,2010,percent,0.005499999970197678
United Kingdom,Historical,EV stock share,Cars,EV,2011,percent,0.00930000003427267
United Kingdom,Historical,EV stock share,Cars,EV,2012,percent,0.017999999225139618
United Kingdom,Historical,EV stock share,Cars,EV,2013,percent,0.02800000086426735
United Kingdom,Historical,EV stock share,Cars,EV,2014,percent,0.07199999690055847
United Kingdom,Historical,EV stock share,Cars,EV,2015,percent,0.15000000596046448
United Kingdom,Historical,EV stock share,Cars,EV,2016,percent,0.27000001072883606
United Kingdom,Historical,EV stock share,Cars,EV,2017,percent,0.4000000059604645
United Kingdom,Historical,EV stock share,Cars,EV,2018,percent,0.5600000023841858
United Kingdom,Historical,EV stock share,Cars,EV,2019,percent,0.7599999904632568
United Kingdom,Historical,EV stock share,Cars,EV,2020,percent,1.2999999523162842
United Kingdom,Historical,EV stock share,Cars,EV,2021,percent,2.0999999046325684
United Kingdom,Historical,EV stock share,Cars,EV,2022,percent,2.799999952316284
USA,Historical,EV stock share,Cars,EV,2010,percent,0.0017000000225380063
USA,Historical,EV stock share,Cars,EV,2011,percent,0.00989999994635582
USA,Historical,EV stock share,Cars,EV,2012,percent,0.03400000184774399
USA,Historical,EV stock share,Cars,EV,2013,percent,0.07800000160932541
USA,Historical,EV stock share,Cars,EV,2014,percent,0.14000000059604645
USA,Historical,EV stock share,Cars,EV,2015,percent,0.1899999976158142
USA,Historical,EV stock share,Cars,EV,2016,percent,0.25999999046325684
USA,Historical,EV stock share,Cars,EV,2017,percent,0.33000001311302185
USA,Historical,EV stock share,Cars,EV,2018,percent,0.47999998927116394
USA,Historical,EV stock share,Cars,EV,2019,percent,0.6200000047683716
USA,Historical,EV stock share,Cars,EV,2020,percent,0.7699999809265137
USA,Historical,EV stock share,Cars,EV,2021,percent,0.949999988079071
USA,Historical,EV stock share,Cars,EV,2022,percent,1.2999999523162842
World,Historical,EV stock share,Cars,EV,2010,percent,0.0020000000949949026
World,Historical,EV stock share,Cars,EV,2011,percent,0.007400000002235174
World,Historical,EV stock share,Cars,EV,2012,percent,0.019999999552965164
World,Historical,EV stock share,Cars,EV,2013,percent,0.04100000113248825
World,Historical,EV stock share,Cars,EV,2014,percent,0.07199999690055847
World,Historical,EV stock share,Cars,EV,2015,percent,0.11999999731779099
World,Historical,EV stock share,Cars,EV,2016,percent,0.1899999976158142
World,Historical,EV stock share,Cars,EV,2017,percent,0.2800000011920929
World,Historical,EV stock share,Cars,EV,2018,percent,0.44999998807907104
World,Historical,EV stock share,Cars,EV,2019,percent,0.6000000238418579
World,Historical,EV stock share,Cars,EV,2020,percent,0.8299999833106995
World,Historical,EV stock share,Cars,EV,2021,percent,1.2999999523162842
World,Historical,EV stock share,Cars,EV,2022,percent,2.0999999046325684
